,CustomerId,Geography,Tenure,Balance,NumOfProducts,HasCrCard,IsActiveMember,EstimatedSalary,Exited,CreditLevel
0,15647311,Spain,1,83807.86,1,0,1,112542.58,0,7
1,15619304,France,8,159660.8,3,1,0,113931.57,1,7
2,15574012,Spain,8,113755.78,2,1,0,149756.71,1,4
3,15792365,France,4,142051.07,2,0,1,74940.5,0,7
4,15568982,France,6,0.0,2,1,1,54724.03,0,4
5,15700772,France,9,0.0,2,0,0,38433.35,0,6
6,15656300,France,0,59697.17,2,1,1,53483.21,0,8
7,15768193,Germany,5,146050.97,2,0,0,86424.57,0,6
8,15760861,France,1,125211.92,1,1,1,113410.49,0,7
9,15630053,France,5,127864.4,1,1,0,87107.57,0,7
10,15623944,Spain,4,0.0,1,1,0,1643.11,1,6
11,15702014,Spain,1,56084.69,2,0,0,178798.13,0,5
12,15696061,Germany,1,101633.04,1,1,0,110431.51,0,7
13,15641582,Germany,10,123180.01,2,1,1,196673.28,0,7
14,15620344,France,6,0.0,1,1,0,33953.87,0,7
15,15663706,France,2,0.0,1,1,0,136458.19,1,5
16,15641732,France,3,0.0,2,0,0,26019.59,0,7
17,15809248,France,10,0.0,2,1,0,109614.57,0,5
18,15693683,Germany,8,97086.4,2,1,1,197276.13,0,5
19,15743192,France,6,0.0,2,0,0,167162.43,0,6
20,15665790,Germany,7,108055.1,2,1,0,27231.26,0,5
21,15580203,Spain,6,120193.42,1,0,0,100130.95,0,6
22,15610156,France,2,133463.1,1,0,1,93165.34,0,5
23,15724944,France,7,0.0,2,1,1,180427.24,0,7
24,15713483,Spain,2,0.0,1,1,0,159123.82,1,7
25,15703264,France,9,120681.63,1,1,0,74836.34,0,5
26,15811589,Spain,8,0.0,2,1,0,180800.42,0,7
27,15692132,Spain,6,101060.25,1,0,1,84699.56,0,7
28,15585388,Germany,9,125189.75,2,1,1,139874.43,0,8
29,15625426,Germany,3,161608.81,1,1,0,8080.85,1,5
30,15702741,France,8,93012.89,1,1,0,86957.42,0,6
31,15600974,Spain,5,0.0,1,0,1,146145.93,1,4
32,15624592,France,8,0.0,2,1,1,169915.02,0,4
33,15785542,Germany,4,118287.01,2,0,0,60427.3,0,7
34,15680920,France,7,49512.55,1,1,0,133007.34,0,7
35,15733247,France,10,0.0,1,1,0,4861.72,1,7
36,15794056,France,2,0.0,3,1,0,89048.46,1,6
37,15813844,France,8,105961.68,2,0,1,74158.8,0,7
38,15596175,Germany,6,117411.6,1,1,1,45071.09,1,7
39,15685500,Germany,7,152400.51,2,1,0,79414.0,0,5
40,15657566,Germany,8,103097.85,1,1,1,157577.29,0,7
41,15753754,Spain,1,0.0,2,1,1,97932.68,0,6
42,15787071,Spain,9,0.0,2,0,1,191599.67,0,7
43,15758685,Spain,7,0.0,2,1,1,110899.3,0,4
44,15652266,Germany,9,63227.0,1,0,1,137316.32,0,7
45,15785819,France,3,0.0,2,1,1,112491.96,0,7
46,15746726,Germany,8,78398.69,1,1,0,44937.01,0,7
47,15626114,France,4,95741.75,1,1,0,46170.75,0,5
48,15742668,Spain,6,108269.37,1,1,0,5597.94,0,7
49,15636624,Spain,5,165272.13,1,1,0,14109.85,1,8
50,15786170,France,4,118342.26,1,0,0,161574.19,0,6
51,15576256,France,5,0.0,2,1,1,129892.93,0,8
52,15611759,Spain,8,126776.3,2,1,1,132298.49,0,6
53,15774696,Germany,1,106307.91,2,0,1,113428.77,0,4
54,15684548,Spain,8,0.0,2,0,0,417.41,1,6
55,15710825,Spain,7,110071.1,1,0,0,43921.36,0,6
56,15613786,Spain,4,0.0,2,1,1,167036.94,0,7
57,15683625,France,1,149762.08,1,1,0,20629.4,1,4
58,15635367,France,2,93844.69,1,1,0,28415.36,0,6
59,15797736,France,4,80262.6,1,1,1,20612.82,0,6
60,15731744,France,2,0.0,2,0,1,130486.57,0,5
61,15807709,Germany,9,180075.22,1,1,1,100127.71,0,7
62,15733616,France,5,80613.93,1,1,1,142838.64,0,8
63,15727688,Spain,4,0.0,2,1,1,54405.79,0,5
64,15730059,Spain,9,77637.35,2,1,1,111346.22,0,7
65,15677307,Germany,6,137326.65,1,1,0,186976.6,0,6
66,15786063,France,2,0.0,2,1,1,112349.51,0,7
67,15776780,France,1,0.0,1,1,0,70649.64,1,5
68,15667896,France,8,151226.18,2,1,1,136129.49,0,5
69,15709324,France,7,0.0,2,1,0,55003.79,0,8
70,15689614,Spain,1,137715.66,1,1,1,37938.74,0,7
71,15795564,Germany,5,121192.22,2,1,1,74890.58,0,6
72,15753719,Germany,9,72392.41,1,1,0,77077.14,0,5
73,15680998,France,5,0.0,1,1,1,117356.14,0,8
74,15607170,France,5,0.0,2,1,1,78397.24,0,8
75,15646161,Spain,8,0.0,2,1,1,183318.79,0,7
76,15773456,Germany,3,145747.67,2,0,1,89566.74,0,6
77,15805112,France,7,82259.29,1,1,0,8996.97,0,6
78,15692926,Germany,8,121702.73,1,1,1,132210.49,0,5
79,15667215,France,2,0.0,2,1,1,58803.28,0,7
80,15788659,France,4,0.0,2,1,1,137537.22,0,8
81,15763218,France,1,0.0,2,0,1,131300.68,0,8
82,15645772,France,9,0.0,2,1,1,84174.81,0,5
83,15715142,Germany,7,102703.62,1,0,1,147802.94,1,6
84,15803457,France,5,0.0,2,1,0,95611.47,0,7
85,15659098,France,7,95128.86,1,0,0,19799.26,0,6
86,15723873,Spain,3,125167.02,1,0,0,98820.39,0,6
87,15716835,France,8,156325.38,1,1,1,125381.02,0,7
88,15790314,France,0,0.0,2,0,1,130567.02,0,7
89,15634245,Germany,9,95523.16,1,1,0,73294.48,0,7
90,15685997,Spain,5,166733.92,2,1,0,14279.44,0,7
91,15637876,Germany,6,77253.5,1,0,0,35817.97,1,7
92,15672056,Germany,2,140080.32,3,1,1,157908.19,1,6
93,15640442,France,4,129722.57,1,0,0,41176.6,0,5
94,15737051,France,8,0.0,2,1,0,192247.35,0,8
95,15745196,France,8,0.0,2,0,0,84569.13,0,6
96,15769504,Germany,1,131736.88,1,1,1,108543.21,0,6
97,15567367,Germany,9,133636.16,1,0,1,103315.74,0,7
98,15681554,Germany,7,120599.38,2,1,1,46163.44,0,7
99,15716155,France,5,156021.31,1,0,0,122662.98,0,8
100,15639788,France,10,0.0,2,1,0,10553.31,0,4
101,15592222,France,7,80001.23,1,0,0,135180.11,0,5
102,15782390,France,6,0.0,1,1,0,155155.25,0,8
103,15566091,Spain,4,0.0,1,1,0,94739.2,0,7
104,15745324,Spain,4,0.0,1,1,0,194273.2,1,7
105,15783659,France,4,145981.87,1,1,1,131043.2,0,7
106,15801488,France,3,0.0,2,1,1,134509.47,0,8
107,15705620,France,5,122453.37,2,1,0,138882.98,0,7
108,15642937,France,7,0.0,2,1,0,130590.35,0,6
109,15782899,Spain,7,95357.49,1,0,0,102297.15,0,8
110,15633897,Germany,1,50880.98,2,1,1,184023.54,0,7
111,15573086,France,7,99824.45,1,1,1,36721.4,0,6
112,15569050,France,6,0.0,1,1,0,130009.85,1,6
113,15585961,Spain,3,0.0,2,0,1,199505.53,0,6
114,15770424,Germany,7,95710.11,2,1,0,49063.42,0,5
115,15705860,Germany,3,107949.45,1,1,0,52449.62,1,6
116,15650933,Spain,8,155413.06,1,1,0,187921.3,0,5
117,15692744,France,4,152169.12,2,0,0,38629.3,1,6
118,15590476,France,7,0.0,2,1,0,151645.96,0,6
119,15723250,France,8,0.0,2,1,1,101485.72,0,7
120,15592583,France,1,115414.19,3,0,0,191734.67,1,6
121,15593973,Spain,8,122528.18,1,1,0,196260.3,0,8
122,15647301,Germany,3,143734.01,2,1,1,96404.38,0,6
123,15569247,Spain,1,109679.72,1,0,1,753.37,0,5
124,15651369,France,1,0.0,2,1,0,66232.23,0,5
125,15795228,France,3,132623.6,1,1,1,58974.0,0,7
126,15589257,France,3,103465.02,2,1,1,174627.06,0,6
127,15678058,France,9,104584.16,1,1,0,176678.72,0,7
128,15724334,France,5,0.0,1,1,0,151169.83,0,8
129,15599268,Spain,5,0.0,2,1,0,10956.82,0,7
130,15697625,France,2,163789.49,2,1,0,75832.53,0,7
131,15619626,France,3,137492.35,2,0,1,170142.09,0,6
132,15760774,France,1,146329.57,2,1,1,194867.27,0,7
133,15615032,Spain,3,0.0,2,1,1,62825.03,0,7
134,15701265,Germany,1,104356.94,2,0,1,54184.06,0,6
135,15743532,Germany,5,147004.34,1,1,0,64381.33,1,8
136,15726557,France,7,165679.92,1,0,0,32916.29,0,8
137,15737748,Spain,3,151233.62,1,0,0,199336.63,0,8
138,15683930,Germany,9,134096.53,2,1,0,53931.05,1,5
139,15644833,France,2,0.0,1,1,0,149583.67,1,5
140,15734634,Spain,5,100912.19,1,0,0,7631.27,0,8
141,15796721,France,3,145018.49,2,1,1,126702.41,0,7
142,15682563,Spain,5,126473.99,1,1,0,91972.49,0,5
143,15777826,France,5,94443.77,1,1,1,165614.4,0,8
144,15668445,France,2,0.0,2,1,1,86372.24,0,7
145,15613141,France,3,135756.96,1,1,1,103706.41,0,7
146,15746326,France,3,0.0,2,0,1,198926.36,0,6
147,15719958,Germany,3,124548.99,2,1,1,120380.12,0,5
148,15774738,France,3,107764.75,1,1,0,185667.72,0,6
149,15714466,France,5,0.0,3,1,0,3440.47,1,5
150,15704586,France,7,0.0,2,0,1,76209.56,0,7
151,15684196,France,2,159441.27,1,1,0,100686.11,1,7
152,15787835,Germany,4,125212.65,2,1,1,15795.88,1,7
153,15730540,Spain,8,88656.37,2,1,0,116547.31,0,5
154,15579062,France,9,0.0,2,0,0,30807.02,0,6
155,15693904,Germany,4,84958.6,2,0,1,194343.72,0,6
156,15685150,Germany,7,167658.33,2,1,1,111138.25,0,8
157,15626485,France,8,78892.23,1,1,1,23703.52,0,4
158,15608653,Spain,7,70731.07,1,1,1,20243.97,1,7
159,15703399,France,5,101641.14,2,0,1,154460.68,0,8
160,15761976,Spain,8,0.0,2,1,0,117916.63,0,7
161,15791302,France,8,0.0,2,1,0,143598.7,0,8
162,15798975,Germany,4,132403.56,1,0,0,36091.91,1,6
163,15599956,France,10,0.0,2,0,0,13007.89,0,8
164,15638149,France,6,103772.45,1,1,0,197111.99,0,7
165,15701765,Spain,0,0.0,2,0,0,30114.32,0,7
166,15751531,Spain,8,0.0,2,1,1,161954.43,0,4
167,15769818,France,3,212778.2,1,0,1,69372.88,0,5
168,15614818,Spain,9,168964.77,1,0,1,118982.51,0,4
169,15723411,Spain,4,98266.3,1,1,1,46416.36,0,5
170,15690678,France,4,129307.32,1,1,1,172930.28,0,8
171,15618581,Spain,8,0.0,2,1,1,135112.09,0,7
172,15568106,France,8,119278.01,2,0,1,19370.73,0,5
173,15779481,France,4,158741.43,2,1,1,126192.54,0,6
174,15651063,Germany,9,127480.58,2,1,0,179634.69,0,7
175,15618314,France,8,114005.78,1,1,1,67998.45,0,5
176,15719309,France,1,115961.58,2,0,1,29483.87,0,7
177,15714080,Germany,2,97001.36,2,1,0,154486.01,0,5
178,15665695,France,4,0.0,2,1,1,23631.55,0,7
179,15801062,Spain,4,0.0,2,0,1,105433.53,0,5
180,15662955,France,8,141223.68,2,1,0,90591.15,0,8
181,15810347,Spain,9,0.0,2,0,1,157884.83,0,8
182,15718944,France,6,0.0,2,1,0,193995.37,0,5
183,15723053,Germany,8,170291.22,2,0,1,15658.99,0,7
184,15661528,Spain,5,102562.23,1,1,0,92708.1,0,6
185,15675501,France,5,153861.1,1,1,1,17699.48,0,7
186,15575409,Germany,6,116891.72,1,1,0,107137.3,0,7
187,15806447,Germany,0,106683.52,2,1,1,137916.49,0,6
188,15791991,France,4,0.0,1,0,1,144113.42,0,6
189,15675896,Germany,7,105722.69,1,1,1,90558.24,1,7
190,15713843,Spain,2,0.0,2,0,1,27937.12,0,7
191,15574879,Germany,2,121801.72,2,0,1,23146.62,0,8
192,15675320,Spain,5,93499.82,2,0,0,123218.81,0,8
193,15596414,Spain,8,107525.07,1,1,0,18510.41,0,7
194,15672132,France,7,121453.63,1,0,0,46374.64,0,5
195,15670702,France,2,168178.21,2,0,1,101273.23,0,4
196,15645544,Germany,5,129753.69,1,1,0,582.53,0,6
197,15689980,Spain,4,118520.26,1,0,0,131173.9,1,5
198,15693381,Spain,1,135289.33,2,0,1,152956.33,0,6
199,15757648,Germany,5,95698.79,1,0,1,182566.76,0,6
200,15792649,Spain,9,0.0,2,0,0,99294.22,0,7
201,15583718,Germany,6,142316.14,1,1,1,8018.49,0,5
202,15619343,France,7,152759.0,2,1,0,133167.11,1,7
203,15758813,Germany,0,109733.2,2,0,0,123602.11,1,7
204,15681956,France,9,0.0,2,1,1,65257.57,0,5
205,15805312,France,7,123859.6,1,0,1,113051.57,0,6
206,15734999,Spain,2,85996.19,1,1,0,15887.68,0,6
207,15641043,Spain,7,0.0,2,1,1,78436.36,0,7
208,15716324,France,9,143672.9,1,1,1,115147.33,0,7
209,15754999,France,8,0.0,1,1,1,124641.42,0,4
210,15781034,Spain,5,0.0,2,0,1,54871.02,0,5
211,15622017,Spain,10,0.0,1,1,1,98820.09,0,7
212,15739858,France,7,0.0,1,1,1,142400.27,1,6
213,15757931,France,3,0.0,2,1,0,173195.33,0,7
214,15810457,Germany,9,150412.14,2,1,0,170764.08,0,6
215,15780514,France,8,136678.52,1,1,0,54290.62,0,6
216,15591386,France,5,0.0,2,1,0,51112.8,0,4
217,15775803,Spain,1,0.0,2,0,1,193093.77,0,6
218,15617648,France,5,95671.75,2,1,1,106564.88,0,6
219,15567399,Germany,3,144164.29,1,1,1,158646.46,0,5
220,15734311,France,3,0.0,2,1,1,76889.79,0,6
221,15756668,France,3,98415.37,1,1,1,110520.48,0,7
222,15752953,France,9,0.0,2,0,0,17622.82,0,8
223,15666043,France,4,156297.58,2,1,1,166102.61,0,7
224,15792222,France,1,106881.5,2,0,0,169386.81,0,7
225,15730868,France,5,0.0,2,1,1,22750.17,0,7
226,15711015,France,4,0.0,2,1,1,190911.02,0,7
227,15805303,Germany,1,141136.62,1,1,0,189742.78,1,5
228,15780254,France,6,0.0,1,0,0,183872.88,1,7
229,15809143,Germany,9,133060.63,1,1,1,125167.92,0,4
230,15714586,Spain,3,99836.47,1,0,1,22909.56,0,5
231,15732740,Spain,9,178095.55,1,0,0,47247.56,0,7
232,15664881,France,4,100054.77,1,1,0,109496.45,0,8
233,15726354,France,6,123157.95,1,1,0,172531.23,0,8
234,15704284,Germany,9,95295.39,1,1,0,28434.44,1,7
235,15721426,Germany,10,126306.64,3,0,0,7861.68,1,6
236,15750649,France,3,0.0,2,1,1,189016.14,0,7
237,15637644,France,4,0.0,2,0,1,34335.55,0,5
238,15689147,France,1,0.0,2,1,0,126554.96,0,7
239,15710161,France,2,0.0,2,1,1,171706.66,0,7
240,15791700,Germany,2,118079.47,4,1,1,143007.49,1,6
241,15670753,Spain,2,127283.78,1,1,1,31302.35,0,5
242,15762803,France,3,0.0,2,1,0,15360.91,0,7
243,15812982,Spain,2,0.0,1,0,0,168460.12,0,6
244,15808784,France,2,163569.61,2,1,1,154559.28,0,6
245,15633112,Germany,3,118199.97,2,1,0,9452.88,1,6
246,15604782,Germany,7,187257.94,1,0,1,190430.81,0,5
247,15681402,Germany,1,66101.89,1,1,1,143981.27,0,7
248,15594685,France,2,0.0,2,0,0,164482.92,0,6
249,15579208,France,6,0.0,2,1,1,191870.28,0,5
250,15763747,France,7,0.0,2,1,1,60830.24,0,4
251,15783615,Germany,3,129370.91,4,1,1,47775.34,1,6
252,15619889,France,4,0.0,1,1,0,195167.38,0,6
253,15647266,Spain,10,135923.16,1,1,0,18732.84,0,7
254,15680141,Spain,7,147936.42,1,1,1,106785.7,0,7
255,15602034,France,2,126558.92,1,1,0,73334.43,0,5
256,15614929,Germany,0,96213.82,2,1,0,147913.56,0,7
257,15581440,Germany,6,110463.25,2,1,1,80552.11,1,6
258,15735388,France,7,108664.85,2,1,0,190011.85,0,5
259,15644896,Germany,3,108586.86,1,1,1,182355.21,0,7
260,15751057,Germany,5,102500.34,1,0,0,106287.77,0,6
261,15607827,Germany,4,133467.77,2,1,1,42976.64,0,7
262,15728006,France,2,180516.9,1,1,0,180002.42,0,5
263,15578825,France,0,139994.66,1,1,0,17744.72,0,5
264,15592765,France,8,125470.81,1,1,1,174536.17,0,8
265,15725818,Germany,4,107041.3,1,1,1,5635.63,0,7
266,15679249,Germany,4,163146.46,1,1,0,169621.69,1,7
267,15661219,France,10,0.0,2,1,0,103287.62,0,5
268,15713378,France,10,0.0,2,0,0,53311.78,0,5
269,15607993,France,2,79468.96,1,1,1,84606.03,0,7
270,15598175,Germany,4,105082.07,2,1,0,132801.57,0,4
271,15679770,France,3,131583.59,4,0,1,66238.23,1,8
272,15732270,Spain,8,0.0,1,1,1,198446.91,1,5
273,15596088,France,4,77065.9,2,0,1,145159.26,0,8
274,15611905,Spain,5,174853.46,1,1,0,84238.63,0,6
275,15663885,France,5,0.0,1,1,1,64839.23,0,8
276,15704844,Spain,7,80927.56,1,0,1,64490.67,0,6
277,15583049,Germany,7,160426.07,1,0,1,188533.11,0,7
278,15788946,Spain,3,116805.82,1,0,0,4092.75,0,6
279,15707144,Germany,6,82506.72,2,1,0,167705.07,0,7
280,15735263,France,5,51522.75,1,0,1,192131.77,0,6
281,15643658,Germany,2,94078.97,2,1,0,36980.54,0,5
282,15682890,Germany,5,65095.41,2,1,1,140197.42,0,4
283,15641994,Germany,1,103018.45,1,1,0,32462.39,1,5
284,15732102,Germany,3,150905.03,2,1,0,16998.72,0,5
285,15618765,Germany,0,99948.45,1,0,1,97338.62,0,4
286,15728474,Germany,4,108235.91,1,1,1,143783.28,0,6
287,15797010,France,2,0.0,2,1,0,15200.61,0,6
288,15627352,Germany,7,110356.42,1,1,0,4969.13,1,4
289,15708505,Germany,7,62974.64,2,0,1,39016.43,0,8
290,15791131,Germany,2,143340.44,1,1,0,145796.49,0,5
291,15644724,France,4,58662.92,2,0,1,73322.0,0,6
292,15687738,France,8,0.0,2,1,0,136620.64,0,6
293,15626787,Spain,8,185078.26,1,0,0,115337.74,1,7
294,15573280,Germany,6,145295.31,2,1,1,27814.74,0,8
295,15654495,Germany,6,120621.89,1,1,1,140803.7,0,4
296,15747265,Germany,10,171283.91,1,1,1,84136.12,0,7
297,15782468,Spain,3,109799.55,2,1,1,12457.76,1,6
298,15663826,Spain,3,0.0,1,1,1,115227.02,0,6
299,15723299,France,4,113709.28,1,1,1,153887.93,1,8
300,15615991,France,7,99263.09,1,1,1,67607.9,0,6
301,15813067,Germany,3,110219.14,1,1,0,43046.7,1,4
302,15705890,France,7,142072.02,1,1,0,37013.29,0,6
303,15707968,Spain,8,73211.12,2,1,0,89587.34,1,5
304,15594084,France,9,0.0,2,1,0,74405.34,0,5
305,15570943,Germany,2,133607.75,1,1,1,120586.32,0,5
306,15774224,Germany,5,131563.88,2,1,0,170638.98,0,4
307,15713144,Spain,8,0.0,1,1,0,61931.21,0,6
308,15690188,France,7,0.0,1,1,1,58043.02,1,7
309,15654901,France,10,141556.96,1,1,0,130189.53,0,7
310,15583681,Spain,7,76665.71,2,1,1,163809.08,0,4
311,15605000,France,9,140278.99,3,1,1,171457.06,1,7
312,15679760,France,1,115764.32,2,0,0,102950.79,0,6
313,15667265,France,4,121404.64,1,1,1,159618.17,0,7
314,15811613,France,8,0.0,1,1,0,20066.38,0,6
315,15578006,France,10,0.0,2,1,1,116537.96,0,5
316,15668504,France,2,89800.14,1,1,1,105922.69,0,8
317,15783029,France,7,106603.74,2,1,1,26387.71,0,4
318,15699247,France,5,0.0,2,1,1,123977.86,1,7
319,15598840,France,1,123082.08,1,1,0,134960.98,0,7
320,15609653,Germany,6,118715.86,1,1,0,133591.11,1,8
321,15662067,France,8,68155.59,1,1,0,94876.65,0,6
322,15809347,Germany,9,160680.41,1,1,0,30886.35,0,4
323,15766609,France,10,0.0,2,1,0,167778.62,0,7
324,15707596,Germany,8,114888.74,2,1,1,66732.63,1,8
325,15732987,Spain,3,88798.34,1,0,0,45610.63,0,8
326,15663161,Germany,5,143139.87,1,0,0,47795.43,1,8
327,15617877,France,0,0.0,2,1,1,81140.09,0,6
328,15727467,France,3,0.0,2,1,0,141449.86,0,7
329,15603942,Germany,3,81290.02,3,0,1,177747.03,1,5
330,15695679,Spain,2,104349.45,1,0,0,79503.05,0,7
331,15713463,Germany,2,138881.04,1,1,0,129936.53,1,7
332,15785170,Germany,0,116968.91,1,0,0,175094.62,0,7
333,15589715,France,5,0.0,1,1,0,49553.38,1,6
334,15768151,Germany,3,109032.23,1,0,1,155407.21,1,6
335,15709183,France,3,102346.86,1,1,1,114672.64,0,7
336,15654456,Germany,6,149726.08,1,0,0,88307.87,1,8
337,15671249,France,2,0.0,2,1,0,102655.31,0,5
338,15749381,France,2,126619.27,1,1,0,198224.38,0,5
339,15806901,France,2,112687.69,1,1,1,127749.61,0,4
340,15807837,France,6,107499.7,1,1,1,187632.22,0,6
341,15635893,France,8,0.0,2,1,1,158545.25,0,6
342,15594041,Spain,2,138734.94,1,1,0,90020.74,0,6
343,15574072,France,8,0.0,1,1,1,165702.64,0,8
344,15618566,France,7,0.0,2,1,1,133122.62,0,8
345,15737977,France,6,0.0,2,0,1,96758.58,0,7
346,15681327,France,9,0.0,2,1,1,2053.42,0,5
347,15660735,Spain,6,0.0,2,1,0,188377.21,0,6
348,15643967,France,4,92208.54,1,0,1,197699.8,1,8
349,15578251,France,2,186347.97,2,1,0,92809.73,0,5
350,15628219,Germany,3,111911.63,1,1,1,110359.68,1,6
351,15588622,Germany,7,108380.72,1,1,1,79005.95,0,7
352,15600626,France,6,0.0,2,1,1,8991.17,0,6
353,15576928,France,2,0.0,1,1,0,122964.18,0,4
354,15815628,France,8,113899.92,1,0,0,80215.2,0,7
355,15565806,France,9,0.0,2,0,0,30583.95,0,6
356,15815530,France,10,75497.51,1,0,0,149682.78,0,7
357,15684103,France,10,0.0,2,1,1,138423.1,0,5
358,15660147,Spain,8,46161.18,1,1,1,79577.4,0,5
359,15696514,Germany,6,104414.03,1,1,0,192026.02,0,6
360,15712303,France,4,159732.02,1,1,1,118188.15,0,7
361,15661936,France,3,141004.46,1,1,0,105028.46,0,7
362,15813422,Spain,4,80790.74,1,1,0,116429.51,0,8
363,15713596,France,1,107735.93,1,0,1,58381.77,0,7
364,15763704,Germany,2,69014.49,2,0,0,164621.43,0,5
365,15630661,Spain,10,75212.28,1,1,0,58965.04,0,4
366,15751593,Germany,6,85668.59,1,1,0,105525.36,0,6
367,15802060,Germany,10,100548.67,2,0,0,136983.77,0,8
368,15742834,France,1,0.0,1,1,1,10908.33,0,5
369,15729958,France,1,0.0,1,1,1,126837.72,0,8
370,15812706,Spain,4,111087.5,1,0,1,146680.25,0,6
371,15795129,France,9,0.0,2,1,0,136827.96,0,5
372,15650545,France,7,71996.09,1,1,1,139065.94,0,6
373,15653251,France,8,87873.39,1,0,0,188484.52,1,7
374,15755077,Germany,0,105617.73,2,1,1,133699.82,1,6
375,15761453,France,6,0.0,1,1,0,88890.05,0,6
376,15801218,France,8,135133.39,1,0,1,179521.24,1,6
377,15642655,Spain,1,0.0,1,1,0,130726.96,0,8
378,15741875,Spain,3,104833.79,1,0,0,71911.3,0,6
379,15599410,France,2,0.0,2,1,0,168219.75,0,8
380,15573599,France,6,0.0,2,0,1,194421.12,1,6
381,15582762,Spain,2,0.0,1,1,1,34702.92,0,8
382,15771855,France,5,0.0,2,0,1,112554.68,0,7
383,15634968,Germany,6,110689.07,1,1,1,71121.04,1,8
384,15629846,Germany,8,143001.5,2,1,0,108977.5,0,6
385,15610900,France,9,110738.89,1,1,0,22666.77,1,8
386,15576185,France,2,0.0,2,1,1,41671.81,0,7
387,15714006,France,2,133111.73,1,0,1,79957.95,0,5
388,15662578,Germany,1,110245.13,1,1,1,178291.09,0,6
389,15601796,France,1,125739.26,1,1,1,193441.23,0,8
390,15626474,France,1,0.0,2,1,0,4802.25,0,5
391,15578096,France,7,106397.75,1,0,0,103563.23,0,8
392,15655341,Spain,5,166492.48,1,1,0,135287.74,0,6
393,15651264,Germany,4,124425.99,1,0,0,118545.49,1,4
394,15790267,France,7,141267.67,1,0,1,177397.49,0,7
395,15720713,France,10,0.0,2,1,1,199775.67,0,6
396,15602797,Spain,5,110132.55,3,0,1,187689.91,1,6
397,15778154,Germany,4,122227.71,1,0,1,14217.77,1,6
398,15677804,Spain,1,0.0,3,1,1,80178.54,1,7
399,15697597,France,1,149144.61,1,0,1,123697.95,0,6
400,15605666,France,6,110717.38,1,1,1,9398.45,0,4
401,15808960,Germany,5,108197.11,2,1,0,49722.34,0,8
402,15620123,France,6,111169.91,1,0,0,9641.4,0,8
403,15753847,Spain,4,0.0,1,0,1,174916.85,1,5
404,15618255,Germany,6,103244.86,2,1,0,143049.72,1,6
405,15751120,France,2,119912.46,1,1,0,124354.92,0,4
406,15599004,Spain,1,0.0,1,1,1,106040.97,0,6
407,15743871,France,3,0.0,2,1,0,25843.7,1,6
408,15774133,France,8,178032.53,1,0,1,42181.68,0,6
409,15739168,France,5,137411.29,1,0,1,161854.98,0,7
410,15633546,Spain,3,124832.51,1,1,0,195877.06,0,7
411,15610781,France,10,88378.6,1,1,0,88550.28,0,6
412,15813894,Spain,9,0.0,2,0,0,154882.79,0,8
413,15627665,France,4,0.0,1,1,0,74379.57,1,7
414,15779414,Spain,3,153639.11,1,1,1,138351.68,0,6
415,15737071,France,5,162039.78,1,1,1,84361.72,1,7
416,15645496,France,7,139972.18,1,1,0,143668.58,0,7
417,15640769,France,8,137841.53,1,1,1,42790.29,0,7
418,15648461,Spain,7,138162.41,2,1,1,113926.31,0,6
419,15725639,France,9,116270.72,1,1,1,184243.25,0,7
420,15771966,France,8,146200.01,1,1,0,177944.64,0,7
421,15767391,Germany,4,90322.99,2,0,1,118740.37,0,8
422,15634143,Spain,0,53291.86,1,0,0,196582.28,0,8
423,15609676,France,2,167924.95,1,1,0,43024.64,0,7
424,15750458,France,4,0.0,2,0,1,142331.39,0,8
425,15760880,France,10,0.0,2,0,1,25514.77,0,4
426,15772030,Spain,3,0.0,2,0,1,68064.83,0,6
427,15647008,Germany,3,116726.22,1,1,0,110498.1,1,8
428,15625545,Spain,9,0.0,1,1,1,117977.45,1,5
429,15737571,Spain,6,84121.04,1,0,1,80698.54,0,4
430,15684147,France,5,102338.19,1,1,1,79649.62,0,6
431,15698732,Germany,3,104677.09,1,1,0,74265.38,0,7
432,15762048,Germany,7,154969.79,2,1,1,99505.75,0,7
433,15569098,France,6,153548.12,1,0,0,35300.08,1,6
434,15690796,France,8,0.0,1,1,0,101834.58,0,7
435,15748481,France,6,0.0,1,0,0,7819.76,0,8
436,15677785,Spain,5,136963.12,1,1,0,133814.28,0,5
437,15796910,Spain,7,0.0,1,0,0,84106.17,1,7
438,15707674,France,2,131852.81,1,1,0,81436.68,1,6
439,15621227,Germany,7,161806.09,1,1,1,173052.19,0,8
440,15732774,France,7,112291.34,1,1,0,153157.97,0,7
441,15628558,France,5,89188.83,1,1,1,75408.24,0,7
442,15718852,France,9,96951.21,1,1,1,71776.76,0,4
443,15588090,Germany,8,107494.86,2,1,0,140937.91,1,7
444,15735270,Spain,2,0.0,1,1,0,48161.18,1,8
445,15609299,France,6,150685.79,1,1,0,87771.06,0,7
446,15599869,Spain,1,0.0,1,1,1,83056.22,0,7
447,15578462,Spain,9,134208.25,1,1,1,13455.43,0,8
448,15804787,France,5,87140.85,1,1,1,39351.64,0,7
449,15623478,Germany,4,102954.68,2,0,1,134942.45,0,6
450,15797910,Germany,2,123783.25,1,1,1,134901.57,0,8
451,15665861,Spain,3,106070.89,1,0,1,101617.43,0,6
452,15582276,France,5,133501.36,1,0,1,155643.04,0,7
453,15592194,France,9,0.0,2,1,0,95957.09,0,6
454,15803685,Germany,10,76510.52,2,0,1,59595.66,0,7
455,15577970,France,5,0.0,1,0,0,43540.59,0,6
456,15789714,Spain,3,103000.94,1,1,1,104648.58,0,6
457,15645271,Germany,8,108528.07,2,0,0,179488.41,1,8
458,15579387,Germany,2,79064.85,2,0,1,113291.75,0,8
459,15801934,France,8,0.0,2,1,1,47117.03,0,6
460,15727408,Germany,8,61688.61,2,1,0,147059.16,0,7
461,15616555,Germany,8,60880.68,1,1,0,31825.84,0,5
462,15800784,France,4,98298.18,1,1,1,676.06,0,6
463,15715796,France,0,0.0,2,1,1,72203.8,0,6
464,15616859,Germany,2,113641.49,4,1,0,115116.35,1,4
465,15617655,Spain,9,0.0,2,1,1,105837.38,0,7
466,15691871,Germany,9,153279.39,1,1,1,151336.96,0,6
467,15787014,Germany,8,90371.09,1,1,1,146851.73,0,7
468,15805523,France,1,90537.16,1,0,1,74800.99,0,7
469,15628279,France,3,0.0,2,1,1,163666.85,0,7
470,15743617,Germany,1,95994.98,1,1,0,197529.23,0,8
471,15585839,France,2,0.0,2,1,0,182258.17,0,7
472,15595391,France,1,0.0,2,1,0,1375.46,0,7
473,15683524,Germany,6,166070.48,2,0,0,90494.72,0,8
474,15595136,France,1,0.0,2,1,1,68987.55,0,7
475,15660646,France,3,156687.1,1,1,0,199320.77,0,8
476,15761654,Spain,8,134152.29,1,1,1,147822.44,0,6
477,15593900,France,1,189443.72,1,0,1,106648.58,0,5
478,15802617,Germany,7,115371.94,2,1,0,64139.1,0,7
479,15635034,Germany,9,101191.83,1,1,1,34551.35,1,8
480,15673372,France,1,0.0,1,1,1,58907.08,1,5
481,15763613,France,1,0.0,2,1,0,199464.08,0,6
482,15624866,Germany,3,168735.74,2,0,0,70370.24,0,8
483,15668248,Germany,7,133201.17,1,0,0,168507.68,1,8
484,15580682,France,4,79927.36,2,1,1,33524.6,0,5
485,15756926,Germany,1,96462.25,2,0,1,48986.18,0,5
486,15699195,France,3,110949.41,1,1,1,168515.61,0,5
487,15710543,France,1,130666.2,1,1,1,161125.67,1,6
488,15672594,France,0,131778.08,1,0,0,10703.53,1,6
489,15654489,France,8,134887.53,1,1,1,10804.04,0,7
490,15656293,France,3,0.0,2,1,0,92712.97,0,5
491,15729582,Germany,3,80697.44,1,0,0,101397.86,0,8
492,15742971,France,2,161887.81,2,1,0,84870.23,0,7
493,15736963,France,1,0.0,2,1,1,146379.3,0,6
494,15685653,Germany,3,162261.01,2,1,0,137028.51,0,6
495,15788556,France,4,148283.94,1,1,1,44692.63,1,8
496,15615140,France,6,111168.97,1,1,1,189969.91,0,6
497,15774536,France,6,0.0,2,0,0,196062.01,0,6
498,15618661,France,6,103804.97,1,1,1,125710.53,0,6
499,15740072,France,2,120328.88,2,1,1,138470.21,0,4
500,15755863,Spain,1,0.0,2,0,1,162858.29,0,8
501,15640421,France,7,0.0,1,1,1,178.19,0,6
502,15729224,France,5,0.0,2,1,0,115403.31,0,7
503,15679810,France,6,0.0,2,1,0,160532.88,0,5
504,15582841,France,8,0.0,2,0,1,34747.43,0,5
505,15655875,France,3,0.0,2,1,0,132436.71,0,7
506,15805704,France,2,0.0,4,0,1,179705.13,1,7
507,15726153,France,5,106260.67,1,1,1,2578.43,0,6
508,15668270,Germany,5,125584.17,2,1,1,41852.24,1,7
509,15593094,France,9,0.0,1,1,0,142680.64,1,5
510,15574071,Germany,2,93301.97,2,0,1,127187.04,0,5
511,15579433,Spain,8,96674.55,2,0,0,192120.66,0,6
512,15636872,France,8,144705.87,2,0,0,171482.56,0,8
513,15589435,France,7,0.0,2,1,1,143204.41,0,7
514,15722122,France,7,0.0,1,0,1,161076.92,0,7
515,15634936,France,7,179904.0,1,1,1,137180.95,0,7
516,15790282,Germany,3,114327.59,2,1,1,42831.11,0,4
517,15792986,Germany,1,133811.78,1,1,0,17185.95,1,6
518,15612524,Germany,2,127841.52,1,1,0,172363.41,0,5
519,15585580,Germany,9,167194.36,1,1,1,62808.93,1,7
520,15583480,France,4,0.0,2,0,1,147007.33,0,8
521,15598695,Germany,9,130169.27,2,0,1,93112.2,0,5
522,15768359,France,4,120037.96,1,1,0,36275.94,0,7
523,15719508,Germany,7,121205.15,4,1,1,168080.53,1,6
524,15673223,France,10,0.0,2,0,0,164287.86,0,6
525,15761168,France,4,171913.87,1,1,0,51820.87,1,8
526,15627741,Germany,2,96863.52,2,1,1,31613.35,0,6
527,15712121,Spain,5,154983.98,1,1,0,27738.01,0,7
528,15734005,France,1,0.0,2,1,0,56865.62,0,5
529,15720676,France,7,0.0,2,1,0,17040.82,0,6
530,15687372,Germany,8,121537.71,2,1,0,46521.45,1,8
531,15742442,Spain,5,89364.91,1,0,1,139162.15,0,8
532,15616152,France,1,185513.67,1,1,0,27438.83,0,7
533,15668142,France,3,77608.46,2,1,1,175373.46,0,6
534,15612140,Spain,7,137933.39,1,1,1,67976.57,0,7
535,15668104,Spain,6,118433.94,1,0,1,160060.9,0,7
536,15670584,Spain,2,0.0,1,1,1,170821.43,1,4
537,15751185,Spain,0,158633.61,1,1,0,193785.87,0,7
538,15763922,France,7,79962.92,2,1,0,60901.72,0,7
539,15623695,France,4,0.0,2,1,1,142029.17,0,8
540,15677146,France,4,142243.54,2,1,0,33074.51,0,7
541,15691910,Spain,4,0.0,3,1,0,101371.05,0,6
542,15681075,France,1,0.0,1,1,1,706.5,0,5
543,15632826,France,3,134006.77,1,1,0,89578.32,0,5
544,15783349,Spain,1,111233.09,1,1,1,123995.15,0,7
545,15702190,Spain,5,0.0,2,1,1,64515.5,0,6
546,15694129,Germany,3,100032.52,1,1,0,5159.21,1,8
547,15728706,France,7,0.0,1,1,0,13566.48,1,6
548,15780386,Spain,5,105683.63,1,1,0,173617.09,0,7
549,15708046,Spain,0,117551.23,1,1,0,158958.9,0,7
550,15680234,Germany,2,138032.15,1,1,0,166317.71,0,5
551,15596649,France,8,0.0,1,1,0,137452.57,0,7
552,15733966,Germany,4,125292.53,1,1,1,31532.96,1,7
553,15675749,France,1,0.0,2,1,1,141756.32,0,8
554,15796958,France,7,0.0,2,1,0,48378.4,0,8
555,15774104,Spain,2,0.0,2,1,1,48189.94,0,5
556,15745326,France,3,75051.49,1,0,0,17682.02,1,7
557,15674541,Spain,8,123925.23,1,0,0,111342.66,1,6
558,15728564,France,6,0.0,2,0,1,134158.09,1,6
559,15663883,Germany,9,141827.33,2,1,1,149458.73,0,7
560,15586425,France,4,0.0,2,1,1,176925.69,0,7
561,15710012,Spain,2,0.0,2,1,0,43018.82,1,7
562,15763327,France,8,124993.29,2,1,1,27548.06,0,6
563,15733169,Spain,7,125265.61,1,1,1,161253.08,0,7
564,15638803,Spain,5,0.0,2,1,0,131625.14,0,8
565,15785547,France,8,191402.82,2,1,0,83238.4,0,7
566,15668894,Germany,5,122552.48,2,0,1,120646.4,0,6
567,15581237,Spain,1,160777.9,1,1,1,149536.15,0,6
568,15703778,France,8,129907.63,1,0,1,36083.96,0,7
569,15625584,France,2,120452.4,2,0,0,79602.86,0,8
570,15802466,France,7,0.0,2,1,1,80619.17,0,4
571,15693543,France,8,0.0,2,0,1,15246.83,0,6
572,15649414,France,6,142105.35,1,1,1,45214.04,0,7
573,15625586,France,4,0.0,1,1,1,167573.06,0,7
574,15654975,France,0,123835.52,2,0,1,160110.65,0,7
575,15687094,Germany,9,82498.14,2,0,0,40437.67,0,7
576,15806709,Germany,6,94126.67,1,0,0,93718.16,0,8
577,15615004,France,1,0.0,2,1,1,124364.63,0,7
578,15658432,France,6,0.0,1,1,1,47886.44,0,8
579,15804721,France,0,191808.73,1,0,0,97640.2,0,5
580,15807524,France,4,0.0,2,0,0,134394.78,0,6
581,15601503,Spain,4,0.0,2,0,0,6947.09,0,5
582,15782096,Spain,6,0.0,1,1,1,12916.32,1,5
583,15783522,Spain,8,100565.94,1,1,1,128799.86,0,7
584,15600174,France,7,165358.77,1,0,1,94738.54,0,8
585,15662662,France,6,0.0,2,1,0,66190.21,0,7
586,15590683,France,6,172325.67,1,0,1,45438.38,0,8
587,15621063,France,8,56228.25,1,1,0,46857.52,0,6
588,15800746,France,7,144889.18,1,1,1,102591.9,1,7
589,15583392,Germany,9,135776.36,3,1,0,85470.45,1,5
590,15785350,Spain,7,104744.89,1,1,0,170262.97,0,6
591,15795186,France,5,0.0,1,1,0,115700.2,0,7
592,15694125,France,5,0.0,2,1,1,56875.76,0,5
593,15775206,France,10,0.0,2,0,0,83263.04,0,5
594,15763515,France,5,0.0,2,1,0,162523.66,0,8
595,15717231,Germany,4,98459.6,1,0,0,90821.66,0,8
596,15771270,France,8,127471.56,1,1,1,152916.05,1,7
597,15617419,Germany,10,100315.1,2,1,1,32526.64,0,8
598,15813327,France,4,109130.96,2,1,1,56191.99,0,4
599,15654300,Germany,9,75242.28,1,0,1,101694.67,0,4
600,15569666,France,4,0.0,1,0,0,172674.36,1,7
601,15758510,France,6,0.0,2,0,0,152491.22,0,6
602,15705301,France,6,95696.52,2,1,1,184366.14,0,6
603,15706036,Germany,10,132271.12,2,1,1,46562.02,0,8
604,15691287,Germany,0,141816.25,1,1,0,64815.05,1,6
605,15669219,Germany,3,104356.38,1,1,0,94498.82,0,7
606,15709604,France,2,107433.48,1,1,0,173843.21,0,7
607,15712930,France,1,0.0,1,0,0,123006.91,0,8
608,15677317,France,4,153040.03,1,1,1,131363.57,1,7
609,15639530,Spain,2,0.0,1,1,1,168294.27,0,8
610,15725665,France,10,198546.1,2,1,0,191198.92,1,5
611,15591036,Germany,3,127940.47,1,0,0,125140.72,1,4
612,15695078,France,3,0.0,2,1,1,170770.44,0,7
613,15749300,France,2,139914.27,1,1,1,50390.98,0,7
614,15791958,France,6,0.0,2,1,1,169203.51,1,6
615,15695339,Germany,0,109172.88,1,1,0,54676.1,1,6
616,15786680,Spain,5,0.0,2,1,0,21928.81,0,7
617,15691823,France,5,153195.59,1,1,1,162763.01,0,7
618,15712772,France,3,75381.15,1,1,1,199727.72,0,5
619,15697045,Spain,9,0.0,2,0,1,100556.98,0,6
620,15579891,France,4,100755.66,1,1,1,186775.25,0,7
621,15718843,Spain,1,72509.91,1,1,0,25723.73,0,6
622,15790247,Spain,9,0.0,2,1,1,11959.03,0,6
623,15623220,Spain,4,0.0,2,1,0,37214.39,0,8
624,15580249,France,0,0.0,1,0,0,84663.21,0,6
625,15803908,France,9,0.0,2,1,1,96862.56,0,5
626,15711316,France,2,0.0,2,1,1,199527.34,0,6
627,15738785,France,7,0.0,2,0,1,156598.23,0,4
628,15741652,Spain,8,177657.35,1,1,1,77142.32,0,7
629,15615050,Germany,9,107915.94,2,1,1,63452.18,1,8
630,15626044,Germany,3,125155.83,2,1,1,106024.02,0,5
631,15577402,France,9,0.0,2,0,1,20492.16,0,7
632,15656100,France,5,167962.7,1,0,0,140201.21,0,8
633,15636423,France,7,0.0,1,1,1,141359.11,0,7
634,15643359,Spain,7,0.0,1,0,1,79082.62,0,8
635,15666430,France,8,0.0,2,0,0,91763.67,0,6
636,15673837,Spain,3,113858.95,1,1,1,38129.22,0,6
637,15759741,Germany,4,150635.3,1,1,1,72274.84,0,6
638,15642726,France,3,83568.26,1,0,0,1235.49,0,8
639,15794273,France,0,62732.65,1,0,1,124954.56,0,7
640,15766458,France,1,198113.86,1,1,0,69664.35,0,7
641,15800412,Germany,9,146780.52,2,1,1,3476.38,0,5
642,15719649,France,3,99844.68,1,0,0,187915.7,0,8
643,15722083,Spain,8,0.0,2,0,0,42392.24,0,5
644,15589017,Germany,4,111362.76,3,1,0,16922.28,1,4
645,15702806,Spain,9,0.0,1,0,0,10883.52,0,4
646,15661275,Germany,3,110791.97,1,1,0,148704.77,1,6
647,15578546,Germany,4,102251.14,1,1,1,145900.89,0,6
648,15656921,France,4,0.0,2,0,0,152298.28,0,6
649,15798429,France,8,0.0,2,1,1,115994.52,0,5
650,15648136,Germany,9,152812.58,1,1,0,166682.57,0,6
651,15687421,Spain,9,125919.35,1,1,0,175910.95,1,4
652,15615828,France,8,122359.5,1,0,0,116495.55,0,6
653,15799600,Germany,1,111599.32,1,0,1,135995.58,0,7
654,15661591,Germany,1,130969.77,2,1,1,158891.79,0,4
655,15714260,France,2,0.0,2,0,0,178752.73,0,6
656,15588904,France,9,0.0,1,1,0,113505.93,1,5
657,15810807,France,9,0.0,2,1,0,152499.8,0,7
658,15579040,France,10,0.0,2,0,0,109184.24,0,6
659,15637118,France,4,140700.61,1,1,0,103557.93,0,7
660,15791172,Germany,1,35741.69,1,1,0,28789.94,0,8
661,15600720,Spain,8,115144.68,1,1,0,188905.43,0,7
662,15668943,France,2,0.0,2,1,0,143194.05,0,7
663,15719170,France,1,112543.42,1,1,1,179435.21,0,6
664,15600510,Spain,6,124140.57,2,1,0,92826.35,0,4
665,15722583,Spain,6,157576.47,2,1,1,101102.39,0,7
666,15815070,Germany,5,141428.99,2,0,0,68408.74,0,6
667,15588419,Germany,10,148962.46,1,1,0,66389.43,1,5
668,15693704,France,6,114948.76,2,0,1,135768.25,0,7
669,15789313,Germany,4,96553.52,2,1,0,143952.24,1,8
670,15773242,France,1,0.0,2,1,1,168779.47,0,7
671,15795429,France,7,133628.09,2,1,1,98570.01,0,6
672,15609254,Spain,9,107135.04,2,1,1,160546.58,0,7
673,15732299,France,4,0.0,3,1,1,93081.87,0,7
674,15572735,Spain,2,0.0,2,1,1,153698.65,0,6
675,15613180,Germany,8,153344.72,1,1,1,163295.87,0,7
676,15692110,France,7,0.0,1,1,0,188156.34,0,4
677,15645029,Spain,5,0.0,2,1,0,8673.43,0,7
678,15715199,Spain,5,126815.97,2,0,1,118648.12,0,7
679,15751297,France,5,0.0,2,1,0,161428.25,0,8
680,15811036,France,7,135369.71,1,0,1,140130.22,0,7
681,15662021,Spain,2,0.0,2,0,0,199992.48,0,6
682,15714380,France,5,0.0,2,0,0,103305.01,0,5
683,15703763,France,7,85304.27,1,1,1,58076.52,0,6
684,15798709,Spain,3,109109.33,1,0,1,4993.94,0,5
685,15797900,France,9,142147.32,1,0,0,39488.04,1,7
686,15724663,Spain,5,0.0,2,0,0,157238.05,0,6
687,15737169,Spain,8,144238.7,1,1,1,184399.76,0,5
688,15722813,Spain,4,125385.01,1,1,0,68293.93,0,5
689,15746333,France,3,0.0,3,1,0,6554.97,1,5
690,15606861,France,8,0.0,2,1,0,38570.13,0,7
691,15579223,Germany,8,127406.5,1,1,0,192950.6,0,5
692,15665784,France,9,128940.24,1,1,0,46786.92,0,7
693,15655389,France,1,131762.94,1,1,1,47675.29,0,7
694,15587647,Germany,0,127120.62,1,0,1,118929.64,1,4
695,15724838,France,4,0.0,1,1,0,170347.1,0,6
696,15588933,France,3,146053.66,1,1,1,138344.7,0,6
697,15776629,France,4,0.0,2,0,0,186275.7,0,6
698,15718588,France,9,0.0,2,0,0,98029.58,0,6
699,15689955,France,7,0.0,2,1,0,176547.8,0,5
700,15714874,France,3,0.0,2,1,1,176883.42,0,7
701,15795571,Spain,0,94153.56,1,0,1,120138.27,0,7
702,15601351,France,9,127806.91,1,1,1,73069.59,0,8
703,15601627,France,8,148163.57,1,0,0,122925.4,0,7
704,15654457,Spain,2,0.0,3,1,1,172576.43,1,6
705,15657540,France,5,151215.34,2,1,0,169804.4,0,8
706,15760924,Spain,2,100062.39,1,0,0,126307.25,0,7
707,15710087,Germany,3,125889.3,3,1,0,96013.5,1,8
708,15640418,Germany,4,115897.73,1,1,0,143544.48,0,8
709,15773394,France,3,0.0,2,1,1,79928.41,0,6
710,15679928,France,2,84102.11,2,0,1,116385.24,0,5
711,15807433,France,9,0.0,2,0,1,11417.26,0,7
712,15583394,Germany,8,106259.63,2,1,1,198103.32,0,5
713,15751180,France,7,81132.21,1,1,0,167289.82,0,7
714,15589210,France,4,0.0,1,0,0,20515.72,0,5
715,15714087,Germany,5,151855.33,1,1,0,68794.15,0,6
716,15748552,Germany,4,155994.15,1,0,0,143665.44,0,7
717,15580914,Spain,0,83287.05,2,0,1,44147.95,1,5
718,15813718,Spain,4,0.0,2,0,0,193009.21,0,6
719,15789611,Germany,8,150836.92,1,0,0,64516.8,1,8
720,15617348,France,1,0.0,2,0,0,69244.24,0,7
721,15684512,Germany,8,135290.42,2,1,1,63729.72,0,5
722,15789201,Germany,9,145623.36,1,1,0,163181.62,0,6
723,15766183,Germany,2,130334.84,2,1,1,51672.08,0,5
724,15730793,Germany,3,111009.32,1,1,1,155905.79,1,6
725,15768295,France,7,109564.1,1,0,1,113046.81,0,7
726,15664793,Spain,7,146777.44,2,0,1,150685.52,0,8
727,15698271,France,4,0.0,2,1,0,185488.81,0,7
728,15801473,Germany,2,51949.95,2,1,0,85045.92,0,7
729,15577515,Germany,0,108477.27,1,0,1,140003.0,1,5
730,15659100,France,9,128152.82,1,0,0,147822.81,0,6
731,15650313,Germany,6,129472.33,1,1,1,85179.48,0,6
732,15591010,Germany,8,109339.17,2,1,0,96405.88,1,5
733,15678210,France,5,105069.98,2,1,1,198355.28,0,6
734,15762799,Germany,0,187861.18,2,1,1,104120.17,0,6
735,15567839,France,9,114631.23,1,0,1,91429.74,0,7
736,15664615,Germany,5,136650.89,1,1,1,41865.72,1,6
737,15592914,France,9,0.0,2,1,1,48849.89,0,5
738,15770995,Germany,1,131160.85,1,1,0,197444.69,0,5
739,15638989,France,5,190066.54,1,0,0,51345.39,1,6
740,15799785,Germany,4,77949.69,1,1,1,121151.46,0,5
741,15701687,Spain,7,77526.66,3,0,0,57338.56,1,7
742,15763579,Germany,2,105264.88,2,1,1,52909.87,0,8
743,15736510,Spain,2,0.0,3,1,0,66652.75,1,6
744,15642336,France,9,0.0,2,0,0,135630.32,0,8
745,15716276,France,2,111669.68,1,1,0,57029.66,0,4
746,15696361,Germany,7,125681.51,1,0,1,129980.93,0,5
747,15583067,France,4,97157.96,1,0,1,63185.05,0,7
748,15686670,France,2,0.0,2,1,0,92536.0,1,7
749,15593345,Germany,6,125241.17,2,1,1,158736.07,0,7
750,15689268,France,9,0.0,1,1,1,105818.51,0,7
751,15711635,Germany,6,138650.49,2,1,0,64746.07,0,6
752,15759133,France,6,0.0,2,1,1,27308.58,0,5
753,15796111,Germany,8,145151.4,1,0,1,125311.17,1,8
754,15683993,France,8,142987.46,2,1,0,158840.99,0,4
755,15731989,France,4,120165.4,2,1,0,33701.5,0,5
756,15641733,France,5,164757.56,1,1,0,110748.88,0,5
757,15716347,Germany,7,143625.83,2,0,1,176487.05,0,7
758,15625311,Germany,7,92618.62,1,1,1,101178.85,0,7
759,15632010,Spain,7,121260.19,2,1,0,77216.48,0,4
760,15750055,Spain,9,100262.88,2,1,1,157921.25,0,7
761,15671534,Germany,6,90212.0,1,1,0,13911.27,1,4
762,15707042,France,2,87413.19,1,1,0,63340.65,0,5
763,15630592,France,4,0.0,1,1,0,95273.73,1,6
764,15748499,Germany,4,118400.91,1,0,1,13999.64,1,6
765,15812766,Spain,6,156111.08,1,0,0,190889.13,0,7
766,15660263,France,4,99799.76,2,1,0,197372.13,0,7
767,15645820,France,7,0.0,2,1,0,111471.55,0,7
768,15700300,Germany,4,131593.85,1,0,1,171345.02,1,8
769,15686913,France,0,0.0,1,1,0,83263.06,0,4
770,15771409,France,7,151933.63,1,1,0,162960.05,1,7
771,15737542,Germany,10,103294.56,1,1,0,160548.12,0,8
772,15609987,France,2,119919.12,1,1,0,156868.21,0,6
773,15615176,France,7,0.0,2,1,0,154364.66,0,6
774,15752578,France,2,133968.96,2,1,0,148689.65,0,4
775,15721504,Spain,3,0.0,2,1,0,101371.72,0,6
776,15642098,Spain,0,108960.0,2,1,0,111180.3,1,8
777,15809909,Spain,4,0.0,2,1,1,7166.71,0,7
778,15656417,France,1,132077.48,2,1,0,192255.15,0,6
779,15598574,Spain,5,0.0,2,0,1,13998.88,0,5
780,15689692,Germany,3,150348.37,1,1,1,173784.04,0,8
781,15604196,France,6,185714.28,1,1,1,102502.5,0,7
782,15594651,France,4,115221.36,1,0,1,70956.75,0,7
783,15730150,Spain,0,120825.7,1,1,0,28257.89,0,7
784,15788634,Spain,2,113817.06,1,0,0,88333.74,0,6
785,15665181,Spain,7,0.0,2,0,1,23180.37,0,7
786,15740356,Germany,4,115021.76,1,0,1,162443.05,0,7
787,15763029,Germany,9,161450.03,1,1,1,96961.0,1,7
788,15707559,France,9,0.0,2,1,1,195104.91,0,5
789,15677955,Germany,1,122088.67,1,1,0,42581.09,0,8
790,15570086,Germany,9,90544.0,1,0,1,4777.23,0,8
791,15718531,France,8,0.0,2,1,1,176779.46,0,5
792,15585287,Germany,9,119948.09,1,1,0,48217.97,1,8
793,15679818,Germany,7,136709.35,1,0,1,66753.1,1,8
794,15566380,Spain,10,66948.67,2,1,1,140759.03,0,5
795,15607176,France,3,0.0,1,1,1,173940.59,0,6
796,15570299,Germany,6,152622.34,1,1,0,99298.8,0,5
797,15773949,France,3,0.0,2,1,1,8282.22,0,6
798,15691504,Germany,8,124099.13,1,0,0,23904.52,0,6
799,15576131,France,5,0.0,2,1,0,147878.05,0,7
800,15761018,Germany,2,143829.2,2,1,0,181224.24,1,6
801,15596379,Germany,3,119695.75,1,0,1,26136.13,0,7
802,15716501,France,9,95377.13,1,0,1,187551.24,0,6
803,15811343,Germany,5,161591.11,3,1,1,63795.62,0,7
804,15697201,Spain,3,0.0,1,1,1,156260.08,0,7
805,15757607,France,0,0.0,1,1,0,196533.72,1,5
806,15718572,Germany,9,138456.03,2,1,1,103548.25,0,6
807,15652782,Germany,2,101099.9,2,0,1,193476.04,0,6
808,15579287,France,4,0.0,2,0,1,86383.82,0,8
809,15652169,France,2,133161.95,1,0,1,122254.86,0,5
810,15616088,France,7,97072.42,1,0,1,131177.22,0,7
811,15661409,France,1,0.0,1,1,1,178256.58,1,4
812,15790448,France,6,69617.36,1,1,0,143345.69,0,7
813,15785326,Spain,5,136526.26,2,1,0,59653.03,0,8
814,15644699,France,0,0.0,2,1,0,1099.95,0,8
815,15577398,France,6,86449.39,1,1,1,188809.23,0,8
816,15806929,Germany,5,73194.99,1,1,1,89222.66,0,6
817,15588341,Spain,10,99835.17,1,0,1,89103.05,0,8
818,15627042,France,7,0.0,2,1,0,93122.41,0,7
819,15803032,Germany,9,89111.63,1,0,0,157239.6,0,7
820,15809872,France,2,84906.45,1,1,0,163216.48,0,6
821,15573045,France,10,127738.75,2,1,1,85153.0,0,5
822,15773520,France,4,92599.55,2,1,1,167336.78,0,6
823,15595713,Spain,6,0.0,1,1,1,31728.35,0,7
824,15620836,Germany,2,108410.87,2,1,0,102908.91,0,5
825,15736146,Germany,4,96679.71,1,1,1,49133.45,0,8
826,15774847,France,6,171740.69,1,0,0,20893.61,0,8
827,15758252,Germany,2,168085.38,2,0,1,115719.08,0,5
828,15655232,Germany,6,126803.34,2,1,1,161133.4,0,4
829,15751524,Germany,10,68806.84,1,1,0,33075.24,0,7
830,15603749,France,2,45472.28,1,1,1,41055.71,1,7
831,15603096,France,6,125789.69,1,0,0,66333.56,1,6
832,15752502,France,4,130385.82,1,0,1,130661.95,0,8
833,15771674,Spain,5,162390.52,2,1,0,54702.66,0,5
834,15603328,France,1,77805.66,1,1,1,2101.89,0,5
835,15760177,Spain,9,100252.18,1,1,1,146033.52,0,6
836,15637366,Germany,5,114268.85,2,1,1,126728.27,0,8
837,15734737,France,9,0.0,2,1,1,169498.61,0,5
838,15703544,Spain,0,0.0,1,1,0,182988.94,0,7
839,15765283,Germany,3,149961.99,2,1,0,104610.86,0,6
840,15625023,France,4,0.0,1,0,1,105352.55,0,8
841,15617304,France,6,0.0,2,1,1,111893.09,0,7
842,15589698,Germany,6,107104.5,1,1,1,41304.44,1,7
843,15611729,Germany,1,141559.5,1,1,1,31257.1,1,4
844,15677336,Germany,1,120043.13,1,1,0,132370.75,1,7
845,15632882,Germany,1,126817.13,2,1,1,29995.83,1,6
846,15758031,Spain,3,91241.85,1,0,1,80682.35,0,6
847,15792627,Spain,5,84557.82,1,1,1,69039.43,0,7
848,15658982,Germany,5,122034.4,3,0,1,146663.43,1,7
849,15758769,France,7,0.0,1,1,0,4791.8,0,6
850,15772383,France,9,131307.11,1,0,0,83343.73,0,5
851,15585985,France,5,165282.42,1,1,0,153786.46,1,5
852,15771749,Germany,5,114268.22,2,1,1,89524.83,0,6
853,15634606,Spain,1,0.0,2,1,1,176913.42,0,6
854,15754940,Spain,2,85162.26,1,0,1,5104.08,1,5
855,15728709,Germany,7,106901.42,2,0,0,118045.98,0,7
856,15702601,Germany,4,108300.27,2,0,1,44384.57,1,8
857,15806546,Spain,4,0.0,1,1,0,22372.78,0,7
858,15638329,Germany,1,111432.13,1,1,1,168683.57,0,6
859,15733460,Spain,9,0.0,2,1,1,104852.6,0,7
860,15711457,France,7,124540.28,1,0,1,188850.89,0,7
861,15732967,France,6,0.0,2,1,1,151581.79,0,7
862,15646942,Spain,7,0.0,2,0,0,100929.59,0,8
863,15649060,Germany,3,82729.47,2,1,0,60212.51,0,8
864,15774258,France,1,0.0,2,1,1,187343.4,0,8
865,15780716,Germany,3,129626.19,2,1,1,103220.56,0,5
866,15661830,Spain,6,0.0,2,1,1,59816.41,0,7
867,15673820,France,7,0.0,2,1,0,143450.61,0,5
868,15577598,Spain,4,115636.05,2,1,0,70400.86,0,5
869,15786042,Germany,2,185932.18,2,1,0,65413.41,0,7
870,15759690,France,4,0.0,2,1,1,81442.6,0,8
871,15605673,Spain,8,0.0,2,0,0,78616.92,0,5
872,15687719,Spain,5,0.0,2,0,1,6761.84,0,5
873,15599329,France,7,195238.29,4,0,1,131083.56,1,6
874,15644551,Spain,3,99773.85,2,1,0,54865.92,0,7
875,15750837,Germany,0,141749.68,1,0,1,9201.53,0,7
876,15635502,France,2,0.0,1,1,0,159165.7,0,5
877,15803202,France,10,0.0,1,1,1,125823.79,1,7
878,15711386,France,6,0.0,2,0,1,64729.51,0,8
879,15615219,France,5,138772.15,1,0,1,123872.0,0,7
880,15793424,Spain,8,61274.7,2,1,0,136054.45,0,5
881,15585466,France,10,0.0,2,1,0,12186.83,0,4
882,15770968,Germany,8,108711.57,2,1,0,24857.25,0,7
883,15766137,France,2,0.0,2,1,1,83087.13,0,7
884,15714642,Spain,7,0.0,1,1,0,141652.2,0,6
885,15570485,Spain,4,161766.87,1,0,0,92378.54,0,7
886,15673929,France,4,0.0,2,1,1,148305.82,0,7
887,15590828,Germany,7,126428.38,1,1,0,39830.1,0,5
888,15761713,France,7,178074.33,1,0,0,110405.9,0,8
889,15639004,France,2,0.0,2,1,1,70783.61,0,7
890,15810839,France,0,103108.17,1,0,0,125646.82,0,6
891,15614643,Spain,2,0.0,2,1,0,136737.13,0,5
892,15779620,France,1,0.0,1,0,1,94570.56,0,5
893,15671973,Spain,5,0.0,2,1,1,7415.96,0,6
894,15757865,France,7,0.0,2,1,1,61120.75,0,4
895,15675141,France,4,93934.63,1,1,0,184748.23,0,5
896,15810660,Germany,4,120875.23,2,0,1,113407.26,0,6
897,15787825,Germany,6,152496.82,1,1,1,99907.29,0,5
898,15679963,Germany,8,96353.8,1,0,0,10209.8,0,6
899,15802118,Spain,7,123428.69,1,1,1,164924.11,0,7
900,15729065,Germany,2,109960.06,2,1,1,170829.87,0,6
901,15580623,Spain,8,0.0,2,0,0,77660.03,0,5
902,15733111,Spain,6,124179.3,1,1,1,138759.15,0,7
903,15680611,France,9,0.0,3,1,1,72318.77,0,7
904,15792862,Germany,1,104584.11,1,1,0,15126.32,1,5
905,15648178,Germany,4,137964.51,1,0,1,174570.55,0,7
906,15738662,Germany,9,159434.03,1,1,0,178373.93,0,7
907,15569624,Germany,6,105864.6,2,1,0,145567.34,0,7
908,15645323,France,2,0.0,1,1,1,106202.07,1,6
909,15632816,Germany,2,127948.57,1,1,1,182765.14,0,6
910,15676526,France,4,88772.87,1,1,1,168822.01,0,6
911,15663650,Germany,10,107304.39,3,1,0,28806.32,1,8
912,15605737,France,5,0.0,2,1,0,124795.84,0,4
913,15793197,France,8,100359.54,1,0,0,46038.28,0,6
914,15602030,France,4,128206.79,1,1,1,54272.12,0,8
915,15680666,Spain,2,151963.26,2,1,0,158948.63,0,5
916,15778915,France,7,128551.36,2,0,1,189402.71,0,7
917,15669946,Germany,2,141726.88,1,1,1,58257.23,0,6
918,15655368,France,1,0.0,1,0,0,91574.92,0,8
919,15609083,France,6,0.0,1,1,0,100200.4,1,6
920,15735782,France,9,120962.59,1,1,0,5419.31,0,6
921,15774401,Spain,4,0.0,2,0,0,123587.83,1,6
922,15643770,France,5,112670.48,1,1,0,21085.17,1,7
923,15620750,France,3,141099.43,1,1,1,15607.27,0,8
924,15584928,Germany,4,120074.97,2,1,1,162961.79,0,5
925,15681316,France,0,120549.29,2,1,0,175722.31,0,6
926,15682523,France,1,139432.55,1,1,1,85606.83,0,7
927,15795747,Spain,7,171646.76,1,0,1,100791.36,0,5
928,15758451,Germany,7,102708.77,1,1,0,9087.81,0,6
929,15667438,France,1,104016.88,1,0,0,22068.83,1,7
930,15621644,Germany,6,123356.63,1,0,1,92934.41,0,5
931,15572073,Spain,5,0.0,2,1,1,62634.94,0,6
932,15777217,Spain,10,0.0,2,1,1,180808.39,0,6
933,15798749,Germany,3,152063.59,2,1,0,97910.06,0,6
934,15758048,France,2,148942.0,1,1,1,116944.3,0,7
935,15802809,Spain,0,84438.57,1,1,1,181449.51,0,4
936,15641773,Germany,2,179334.83,2,1,1,169303.65,0,6
937,15753229,France,9,127414.55,1,1,1,134459.12,0,8
938,15739997,France,2,94464.81,2,0,1,185900.88,0,8
939,15707138,Spain,5,0.0,2,1,1,100060.54,0,6
940,15639665,Spain,0,0.0,2,1,1,96202.44,0,6
941,15763065,Spain,2,0.0,2,1,0,199753.97,0,8
942,15792232,Spain,5,0.0,2,0,0,105149.8,0,6
943,15795370,Germany,6,131753.41,1,1,0,86894.67,0,5
944,15584156,Spain,10,0.0,3,0,0,94620.0,1,6
945,15702656,France,1,96834.78,1,1,0,108764.69,0,8
946,15581089,Spain,7,0.0,2,1,1,43036.6,0,6
947,15674573,France,4,121172.97,1,1,1,56268.98,0,5
948,15592104,France,5,0.0,1,0,0,36548.0,1,6
949,15622370,Germany,1,116416.94,1,0,1,85808.22,0,5
950,15655171,France,3,0.0,1,1,1,65801.44,0,7
951,15571281,France,10,79562.98,1,1,1,74687.37,0,4
952,15739847,Germany,5,146756.68,1,1,0,78268.61,0,6
953,15661708,France,5,0.0,2,1,1,94170.84,0,8
954,15733361,Germany,6,86714.06,1,1,0,85869.89,1,8
955,15780409,France,6,0.0,2,1,0,109742.55,0,7
956,15655360,Germany,5,148666.99,1,1,0,2605.65,1,6
957,15752294,France,9,135979.01,4,1,1,76582.95,1,6
958,15778838,France,9,114135.17,1,1,0,153269.98,0,7
959,15619898,France,5,0.0,2,1,1,7008.65,0,7
960,15724543,France,5,0.0,2,1,1,81299.17,0,8
961,15698927,France,7,0.0,2,0,1,36267.21,0,6
962,15687363,France,3,155047.56,2,1,1,186064.34,0,7
963,15812534,France,1,0.0,3,0,1,129975.34,0,6
964,15693131,France,3,95508.2,1,1,1,45755.0,0,6
965,15596624,France,9,0.0,2,1,1,44377.65,0,5
966,15603221,Germany,4,84421.62,1,0,1,52314.71,0,7
967,15660611,Spain,3,0.0,2,1,1,123998.52,0,8
968,15781689,Spain,5,0.0,2,1,0,95009.6,0,7
969,15696054,France,2,0.0,1,0,1,121175.86,0,7
970,15638621,Spain,1,60374.98,1,1,0,40223.74,0,6
971,15607112,France,6,0.0,2,0,1,36540.63,0,8
972,15797149,Spain,4,143680.47,2,1,1,63531.19,0,7
973,15667424,Germany,7,111094.05,2,1,1,64679.3,0,8
974,15759872,France,9,0.0,2,1,0,157072.91,0,7
975,15712536,France,3,0.0,2,1,0,41295.1,1,6
976,15644103,Spain,2,151675.65,1,0,1,49978.67,0,8
977,15572114,Spain,1,121629.22,1,1,1,3258.6,0,6
978,15662698,Spain,7,81153.82,1,1,1,144532.85,1,5
979,15771323,Spain,5,121626.9,1,1,1,82438.13,0,5
980,15777743,France,3,92224.56,1,1,1,54517.25,0,6
981,15596136,France,9,166939.88,1,1,1,72504.76,0,7
982,15581115,France,9,76769.68,1,0,0,48224.72,0,7
983,15763907,France,1,104614.29,1,1,0,61538.43,1,6
984,15736327,Germany,1,68238.51,2,1,1,109572.58,0,7
985,15576615,Spain,10,145382.61,1,1,0,80408.59,0,6
986,15726179,Germany,5,131433.33,2,1,1,3497.43,1,7
987,15652999,Germany,1,137937.95,1,1,1,51387.1,0,7
988,15736371,France,3,123034.43,2,1,1,38315.04,0,6
989,15578374,Spain,7,169312.72,1,1,0,45414.09,0,7
990,15776518,France,4,175739.36,1,1,1,193130.55,0,8
991,15813140,Spain,5,0.0,2,0,1,143980.29,0,5
992,15770516,Spain,7,193213.02,2,1,1,137392.77,0,6
993,15798084,France,0,0.0,2,1,0,105784.85,0,6
994,15596811,France,8,139753.35,1,1,0,79871.16,0,6
995,15647800,France,6,101266.51,1,1,0,33501.98,0,7
996,15774586,Germany,10,118588.83,1,1,1,161241.65,1,6
997,15653037,France,1,0.0,1,0,1,18708.76,0,8
998,15782475,France,8,0.0,2,1,1,105305.72,0,6
999,15581736,Germany,1,183579.54,2,0,1,34047.54,0,8
